1026456960,126,0,0x0E,0x00,NULL
1026456986,126,0,0x0E,0x00,NULL
1026457004,126,0,0x0E,0x00,NULL
1026457029,126,0,0x0E,0x00,NULL
1026457049,126,0,0x0E,0x00,NULL
1026457070,126,0,0x0E,0x00,NULL
1026457091,126,0,0x0E,0x00,NULL
1026457115,126,0,0x0E,0x00,NULL
1026457141,126,0,0x0E,0x00,NULL
1026457158,126,0,0x0E,0x00,NULL
1026457179,126,0,0x0E,0x00,NULL
1026457201,126,0,0x0E,0x00,NULL
1026457223,126,0,0x0E,0x00,NULL
1026457245,126,0,0x0E,0x00,NULL
1026457266,126,0,0x0E,0x00,NULL
1026457289,126,0,0x0E,0x00,NULL
1026457308,126,0,0x0E,0x00,NULL
1026457332,126,0,0x0E,0x00,NULL
1026457356,126,0,0x0E,0x00,NULL
1026457377,126,0,0x0E,0x00,NULL
